"Автор (ы)","Author full names","Идентификатор автора(ов)","Название документа","Год","Название источника","Том","Выпуск","Статья №","Страница начала","Страница окончания","Цитирования","DOI","Ссылка","Организации","Авторы организаций","Краткое описание","Ключевые слова автора","Ключевые слова указателя","Сведения о финансировании","Текст о финансировании","Спонсоры","Название конференции","Дата конференции","Место проведения конференции","Код конференции","Тип документа","СТАДИЯ ПУБЛИКАЦИИ","Open Access (открытый доступ)","Источник","EID"
"Ala'anzy, M.A.; Tolendi, N.; Baubek, B.; Algarni, A.","Ala'anzy, Mohammed Alaa (59193748300); Tolendi, Nurdaulet (60368803200); Baubek, Baizhan (60370015500); Algarni, Abdulmohsen (26421927200)","59193748300; 60368803200; 60370015500; 26421927200","Performance evaluation of GPU-based parallel sorting algorithms","2026","PLOS ONE","21","2 February","e0342167","","","0","10.1371/journal.pone.0342167","https://www.scopus.com/inward/record.uri?eid=2-s2.0-105029249395&doi=10.1371%2Fjournal.pone.0342167&partnerID=40&md5=f6b00adfebc9538fdab03fd4b77bc08b","Department of Computer Science, SDU University, Kaskelen, Almaty, Kazakhstan; Department of Computer Science, King Khalid University, Abha, Asir, Saudi Arabia","Ala'anzy, Mohammed Alaa, Department of Computer Science, SDU University, Kaskelen, Almaty, Kazakhstan; Tolendi, Nurdaulet, Department of Computer Science, SDU University, Kaskelen, Almaty, Kazakhstan; Baubek, Baizhan, Department of Computer Science, SDU University, Kaskelen, Almaty, Kazakhstan; Algarni, Abdulmohsen, Department of Computer Science, King Khalid University, Abha, Asir, Saudi Arabia","Sorting can be approached in two main ways: sequentially and in parallel. In sequential sorting, data is processed in a single-threaded manner, which can be slow for large datasets. However, parallel sorting divides the task across multiple processing units, enabling faster results by processing data simultaneously. Furthermore, Compute Unified Device Architecture (CUDA) technology enables developers to leverage GPU power for general-purpose parallel computing, significantly accelerating tasks like sorting. This paper investigates the GPU-based parallelization of merge sort (MS), quick sort (QS), bubble sort (BS), radix top-k selection sort (RS), and slow sort (SS) presenting optimized algorithms designed for efficient sorting of large datasets using modern GPUs. The primary objective is to evaluate the performance of these algorithms on GPUs utilizing CUDA, with a focus on analyzing both parallel time complexity and space complexity across various data types. Experiments are conducted on four dataset scenarios: randomly generated data, reverse-sorted data, already-sorted data, and nearly-sorted data. Also, the performance of GPU-accelerated implementations is compared with their sequential counterparts to assess improvements in computational efficiency and scalability. Earlier GPU-based generations of this type typically achieved acceleration rates between 2× and 9× over scalar CPU code. With newer GPU enhancements, including parallel-aware primitives and radix- or merge-optimized operations, acceleration rates have seen significant improvement. Our experiments indicate that Radix Sort based on GPUs achieves a significant speedup of approximately 50× (sequential: 240.8 ms, parallel: 4.83 ms) on 10 million random sort elements. Quick Sort and Merge Sort have 97× and 103× speedups, respectively (Quick: 1461.97 ms vs. 15.1 ms; Merge: 2212.33 ms vs. 21.4 ms). Bubble Sort, while significantly improving in parallel (123,321.9 ms to 7377.8 ms for an ≈17× improvement), is considerably worse overall. Slow Sort demonstrates a moderate but consistent acceleration, reducing execution time from 74.07 ms in the sequential version to 3.99 ms on the GPU, yielding an ≈18.6× speedup. These experimental findings confirm that the new single-GPU implementations can get speedups ranging from 17× to over 100×, surpassing the typical gains reported in previous generations and comparable to or over rates of acceleration reported for cutting-edge parallel sorting algorithms in recent studies. © 2026 Ala’anzy et al. This is an open access article distributed under the terms of the Creative Commons Attribution License, which permits.","","acceleration; algorithm; article; diagnosis; drug therapy; computer graphics; Algorithms; Computer Graphics","King Khalid University, KKU, (R.G.P.2/12/46); King Khalid University, KKU","Funding: This research was financially supported by the Deanship of Scientific Research and Graduate Studies at King Khalid University under research grant number (R.G.P.2/12/46). The funders were involved in supervising the research and revising the manuscript.","","","","","","Article","Final","All Open Access; Gold Open Access; Green Accepted Open Access; Green Open Access","Scopus","2-s2.0-105029249395"
"Huda, W.N.; Eddy Sartono, E.K.E.; Saptono, B.; Putri, F.R.; Anay, Z.","Huda, Wafiq Nurul (60369833300); Eddy Sartono, E. Kus (57204036971); Saptono, Bambang (57219332617); Putri, Farah Rizkita (60369427500); Anay, Zhuldiz (60369427600)","60369833300; 57204036971; 57219332617; 60369427500; 60369427600","Construction and Psychometric Properties Structure and Measurement of Mathematical Reciprocity: Exploratory and Confirmatory Factor Analysis","2026","International Research Journal of Multidisciplinary Scope","7","1","","785","798","0","10.47857/irjms.2026.v07i01.07923","https://www.scopus.com/inward/record.uri?eid=2-s2.0-105029287262&doi=10.47857%2Firjms.2026.v07i01.07923&partnerID=40&md5=b6c576df388d852cc6307d882512c86a","Department of Education, Universitas Negeri Yogyakarta, Yogyakarta, Yogyakarta, Indonesia; Faculty of Education and Humanities, SDU University, Kaskelen, Almaty, Kazakhstan","Huda, Wafiq Nurul, Department of Education, Universitas Negeri Yogyakarta, Yogyakarta, Yogyakarta, Indonesia; Eddy Sartono, E. Kus, Department of Education, Universitas Negeri Yogyakarta, Yogyakarta, Yogyakarta, Indonesia; Saptono, Bambang, Department of Education, Universitas Negeri Yogyakarta, Yogyakarta, Yogyakarta, Indonesia; Putri, Farah Rizkita, Department of Education, Universitas Negeri Yogyakarta, Yogyakarta, Yogyakarta, Indonesia; Anay, Zhuldiz, Faculty of Education and Humanities, SDU University, Kaskelen, Almaty, Kazakhstan","This study develops and validates an Indonesian mathematical resilience scale for elementary students through robust psychometric testing. Addressing the absence of culturally appropriate measurement tools, the research employs a mixed-method validation design combining exploratory factor analysis (EFA) and confirmatory factor analysis (CFA) using JASP software. Participants included 405 students (aged 10-12) from five Central Java regencies, selected through stratified random sampling. The 15-item Likert-scale questionnaire underwent principal component analysis (EFA) followed by maximum likelihood estimation (CFA), evaluating four theoretical dimensions: Value, Struggle, Growth, and Perseverance. Results demonstrated excellent model fit (CFI=0.912; RMSEA=0.047; SRMR=0.045) with strong composite reliability (CR=0.78-0.92). While three dimensions exhibited adequate convergent validity (AVE>0.50), Perseverance showed marginal acceptability (AVE=0.47), suggesting potential cultural nuances in persistence measurement. The validated instrument enables precise identification of resilience profiles, informing targeted pedagogical interventions. This study contributes methodologically by demonstrating the sequential EFA-CFA approach's effectiveness in educational instrument development, and practically by providing teachers with a diagnostic tool for fostering mathematical resilience. Findings highlight the importance of integrating affective constructs into mathematics pedagogy and support the development of resilience-based instructional practices. Future research should expand validation to other Indonesian regions and examine the scale's predictive validity for academic achievement across different instructional contexts. © 2026, Iquz Galaxy Publisher. All rights reserved.","Confirmatory Factor Analysis (CFA); Exploratory Factor Analysis (EFA); Mathematical Reciprocity; Mathematical Resilience; Psychometric Validation","","Universitas Negeri Yogyakarta, UNY; Lembaga Pengelola Dana Pendidikan, LPDP, (01095/J5.2.3, /BPI.06/9/2022); Lembaga Pengelola Dana Pendidikan, LPDP","Funding text 1: The authors would like to express the deepest gratitude to the Center for Higher Education Funding and Assessment (Pusat Pembiayaan dan Asesmen Pendidikan Tinggi/PPAPT) and the Indonesian Endowment Fund for Education (Lembaga Pengelola Dana Pendidikan/LPDP) of the Republic of Indonesia for providing the Indonesian Education Scholarship (Beasiswa Pendidikan Indonesia/BPI) so that the first author is able to pursue a doctoral academic degree in Elementary Education at Universitas Negeri Yogyakarta.; Funding text 2: The author received funding for his research from the Center for Higher Education Funding and Assessment (Pusat Pembiayaan dan Asesmen Pendidikan Tinggi/PPAPT) and the Indonesian Endowment Fund for Education (Lembaga Pengelola Dana Pendidikan/LPDP) of the Republic of Indonesia for providing the Indonesian Education Scholarship (Beasiswa Pendidikan Indonesia/BPI) No. 01095/J5.2.3./BPI.06/9/2022.","","","","","","Article","Final","All Open Access; Gold Open Access","Scopus","2-s2.0-105029287262"
"Nurlan, Z.; Gabdullayev, D.; Mukhametzhanova, B.; Zhakiyev, N.; Sonny, I.; Ala'anzy, M.A.; Ahmad, Z.; Beibut, B.","Nurlan, Zhanserik (57212302940); Gabdullayev, Dauren (60163760000); Mukhametzhanova, B. O. (57215925858); Zhakiyev, Nurkhat Kuandykovich (56043145000); Sonny, Irawan (60163013900); Ala'anzy, Mohammed Alaa (59193748300); Ahmad, Zulfiqar (57213608630); Beibut, Amirgaliyev Ye (57170658300)","57212302940; 60163760000; 57215925858; 56043145000; 60163013900; 59193748300; 57213608630; 57170658300","Incident-aware smart prioritization framework for penetration testing and prevention of URL-based cybersecurity attacks in industry 4.0 IoT networks","2025","Scientific Reports","15","1","37792","","","0","10.1038/s41598-025-21409-4","https://www.scopus.com/inward/record.uri?eid=2-s2.0-105020277187&doi=10.1038%2Fs41598-025-21409-4&partnerID=40&md5=e8954f9027a646abd6965389d9554ba2","Department of Computer Science, SDU University, Kaskelen, Almaty, Kazakhstan; School of Digital Technologies, Narxoz University, Almaty, Kazakhstan; Al Farabi Kazakh National University, Almaty, Kazakhstan; L.N. Gumilyov Eurasian National University, Astana, Kazakhstan; Astana IT University, Astana, Kazakhstan; Department of Petroleum Engineering, Nazarbayev University, Astana, Kazakhstan; Department of Computer Science and Information Technology, Hazara University Pakistan, Mansehra, Pakistan","Nurlan, Zhanserik, Department of Computer Science, SDU University, Kaskelen, Almaty, Kazakhstan, School of Digital Technologies, Narxoz University, Almaty, Kazakhstan; Gabdullayev, Dauren, Al Farabi Kazakh National University, Almaty, Kazakhstan; Mukhametzhanova, B. O., L.N. Gumilyov Eurasian National University, Astana, Kazakhstan; Zhakiyev, Nurkhat Kuandykovich, Astana IT University, Astana, Kazakhstan; Sonny, Irawan, Department of Petroleum Engineering, Nazarbayev University, Astana, Kazakhstan; Ala'anzy, Mohammed Alaa, Department of Computer Science, SDU University, Kaskelen, Almaty, Kazakhstan; Ahmad, Zulfiqar, Department of Computer Science and Information Technology, Hazara University Pakistan, Mansehra, Pakistan; Beibut, Amirgaliyev Ye, Astana IT University, Astana, Kazakhstan","In the era of Industry 4.0, where IoT-enabled smart infrastructures are deeply integrated with digital automation, cybersecurity becomes a critical priority. The ubiquitous use of URLs (Uniform Resource Locators) as gateways to online services has introduced not only convenience but also increased exposure to cyber threats. URL-based cyberattacks pose significant risks to Industrial IoT (IIoT) networks, demanding intelligent and proactive security measures. This paper presents an incident-aware smart prioritization framework specifically designed for penetration testing and prevention of URL-based cybersecurity attacks targeting IoT network hosts in Industry 4.0 environments. The proposed approach begins with penetration testing and vulnerability analysis to identify threats across IIoT network hosts. Based on incident awareness, the framework then prioritizes detected threats and utilizes machine learning models for accurate threat classification and prevention. A dynamic threshold mechanism is introduced to enable real-time prevention, minimizing potential damage or loss. The framework evaluates the performance of three widely used machine learning models, Random Forest, Support Vector Machine (SVM), and XGBoost, for classifying malicious URLs. Experimental results indicate that Random Forest achieves the highest accuracy due to its ensemble learning capabilities. SVM demonstrates strong performance in maintaining a balance between precision and recall, while XGBoost, with its high recall rate, is effective in identifying true threats despite a marginally higher false positive rate. The proposed framework significantly enhances the resilience of Industry 4.0 infrastructures by enabling smarter and more targeted mitigation of URL-based cyber threats. © The Author(s) 2025.","Artificial intelligence; Cybersecurity; Data analysis; Detection; Industrial internet of things; Industry 4.0; Penetration testing; Prevention; Prioritization; Threats","article; artificial intelligence; automation; awareness; computer security; cyberattack; data analysis; diagnosis; ensemble learning; human; information service; internet of things; machine learning; mitigation; pharmacokinetics; prevention; random forest; support vector machine; vulnerability assessment","","","","","","","","Article","Final","All Open Access; Gold Open Access; Green Accepted Open Access; Green Open Access","Scopus","2-s2.0-105020277187"
"Ala'anzy, M.A.; Abilakim, A.; Zhanuzak, R.; Li, L.","Ala'anzy, Mohammed Alaa (59193748300); Abilakim, Assyl (60122738700); Zhanuzak, Raiymbek (59452842900); Li, Lu (59193928100)","59193748300; 60122738700; 59452842900; 59193928100","Real time smart parking system based on IoT and fog computing evaluated through a practical case study","2025","Scientific Reports","15","1","33483","","","1","10.1038/s41598-025-15507-6","https://www.scopus.com/inward/record.uri?eid=2-s2.0-105017749197&doi=10.1038%2Fs41598-025-15507-6&partnerID=40&md5=849bb554c3dfd7062cc6100784b785fb","School of Microelectronics and Data Science, Anhui University of Technology, Maanshan, Anhui, China; Department of Computer Science, SDU University, Kaskelen, Almaty, Kazakhstan; Department of Information Systems, SDU University, Kaskelen, Almaty, Kazakhstan; Department of Computer Science, Hof University of Applied Sciences, Bavaria, Germany","Ala'anzy, Mohammed Alaa, School of Microelectronics and Data Science, Anhui University of Technology, Maanshan, Anhui, China, Department of Computer Science, SDU University, Kaskelen, Almaty, Kazakhstan; Abilakim, Assyl, Department of Information Systems, SDU University, Kaskelen, Almaty, Kazakhstan; Zhanuzak, Raiymbek, Department of Computer Science, SDU University, Kaskelen, Almaty, Kazakhstan, Department of Computer Science, Hof University of Applied Sciences, Bavaria, Germany; Li, Lu, School of Microelectronics and Data Science, Anhui University of Technology, Maanshan, Anhui, China","The increasing urban population and the growing preference for private transportation have led to a significant rise in vehicle numbers, exacerbating traffic congestion and parking challenges. Cruising for parking not only consumes time and fuel but also contributes to environmental and energy inefficiencies. Smart parking systems have emerged as essential solutions to these issues, addressing everyday urban challenges and enabling the development of smart, sustainable cities. By reducing traffic congestion and streamlining parking processes, these systems promote eco-friendly and efficient urban transportation. This paper introduces a provenance-based smart parking system leveraging fog computing to enhance real-time parking space management and resource allocation. The proposed system employs a hierarchical fog architecture, with four layers architecture nodes for efficient data storage, transfer, and resource utilisation. The provenance component empowers users with real-time insights into parking availability, facilitating informed decision-making. Simulations conducted using the iFogSim2 toolkit evaluated the system across key metrics, including end-to-end latency, execution cost, execution time, network usage, and energy consumption in both fog and cloud-based environments. A comparative analysis demonstrates that the fog-based approach significantly outperforms its cloud-based counterpart in terms of efficiency and responsiveness. Additionally, the system minimises network usage and optimises space utilisation, reducing the need for parking area expansion. A real-world case study from SDU University Park validated the proposed system, showcasing its effectiveness in managing parking spaces, particularly during peak hours. © The Author(s) 2025.","Cloud computing; Fog computing; Internet of Things (IoT); Parking spots; Smart cities","article; benchmarking; case study; cloud computing; controlled study; diagnosis; energy consumption; fuel; information storage; internet of things; resource allocation; simulation; traffic and transport; urban population","Anhui University of Technology, AHUT","This study is financially supported by the publication fees fund from Anhui University of Technology in Maanshan, China.","","","","","","Article","Final","All Open Access; Gold Open Access; Green Accepted Open Access; Green Open Access","Scopus","2-s2.0-105017749197"
"Kalizhanova, A.; Yerdessov, S.; Sakko, Y.; Tursynbayeva, A.; Kadyrov, S.; Gaipov, A.; Kashkynbayev, A.","Kalizhanova, Aigerim (59379142600); Yerdessov, Sauran (57440801000); Sakko, Yesbolat (57224011346); Tursynbayeva, Aigul (55184034800); Kadyrov, Shirali (36844229300); Gaipov, Abduzhappar E. (54415462800); Kashkynbayev, Ardak (55987699800)","59379142600; 57440801000; 57224011346; 55184034800; 36844229300; 54415462800; 55987699800","Modeling tuberculosis transmission dynamics in Kazakhstan using SARIMA and SIR models","2024","Scientific Reports","14","1","24824","","","5","10.1038/s41598-024-76721-2","https://www.scopus.com/inward/record.uri?eid=2-s2.0-85207217144&doi=10.1038%2Fs41598-024-76721-2&partnerID=40&md5=d2a95358d85696475146897565f73e72","Department of Mathematics, Nazarbayev University, Astana, Kazakhstan; Institute of Mathematics and Mathematical Modeling, Almaty, Kazakhstan; Department of Medicine, Nazarbayev University School of Medicine, Astana, Kazakhstan; Kazakhstan Physio Pulmonologist Association, Almaty, Kazakhstan; Department of General Education, New Uzbekistan University, Tashkent, Uzbekistan; Department of Mathematics and Natural Sciences, SDU University, Kaskelen, Almaty, Kazakhstan","Kalizhanova, Aigerim, Department of Mathematics, Nazarbayev University, Astana, Kazakhstan; Yerdessov, Sauran, Institute of Mathematics and Mathematical Modeling, Almaty, Kazakhstan; Sakko, Yesbolat, Department of Medicine, Nazarbayev University School of Medicine, Astana, Kazakhstan; Tursynbayeva, Aigul, Kazakhstan Physio Pulmonologist Association, Almaty, Kazakhstan; Kadyrov, Shirali, Department of General Education, New Uzbekistan University, Tashkent, Uzbekistan, Department of Mathematics and Natural Sciences, SDU University, Kaskelen, Almaty, Kazakhstan; Gaipov, Abduzhappar E., Department of Medicine, Nazarbayev University School of Medicine, Astana, Kazakhstan; Kashkynbayev, Ardak, Department of Mathematics, Nazarbayev University, Astana, Kazakhstan","Tuberculosis (TB) is a highly contagious disease that remains a global concern affecting numerous countries. Kazakhstan has been facing considerable challenges in TB prevention and treatment for decades. This study aims to understand TB transmission dynamics by developing and comparing statistical and deterministic models: Seasonal Autoregressive Integrated Moving Average (SARIMA) and the basic Susceptible-Infected-Recovered (SIR). TB data from 2014 to 2019 were collected from the Unified National Electronic Health System (UNEHS) using retrospective quantitative analysis. SARIMA models were able to capture seasonal variations, with Model 2 exhibiting superior predictive accuracy. Both models showed declining TB incidence and revealed a notable predictive performance evaluated by statistical metrics. In addition, the SIR model calculated the basic reproduction number () below 1, indicating a receding epidemic. Models proved the capability of each to accurately capture trends (SARIMA) and provide mathematical insights (SIR) into TB transmission dynamics. This study contributes to the general knowledge of TB transmission dynamics in Kazakhstan thus laying the foundation for more comprehensive studies on TB and control strategies. © The Author(s) 2024.","Forecasting; Kazakhstan; SARIMA; SIR; Statistical modeling; Tuberculosis","adult; epidemiology; female; human; incidence; Kazakhstan; male; middle aged; retrospective study; season; statistical model; theoretical model; tuberculosis; Adult; Female; Humans; Incidence; Male; Middle Aged; Models, Statistical; Models, Theoretical; Retrospective Studies; Seasons; Tuberculosis","Ministry of Education and Science of the Republic of Kazakhstan, (BR24993094); Ministry of Education and Science of the Republic of Kazakhstan","This research is funded by the Committee of Science of the Ministry of Science and Higher Education of the Republic of Kazakhstan (Grant No. BR24993094).","","","","","","Article","Final","All Open Access; Gold Open Access; Green Accepted Open Access; Green Open Access","Scopus","2-s2.0-85207217144"
"Kudasheva, A.B.; Khazimov, M.Z.; Niyazbayev, A.K.; Tursynzhanova, A.A.; Borsikbayeva, A.B.; Urmashev, B.A.; Gorburov, V.D.; KHAZIMOV, K.M.","Kudasheva, A. B. (58695763500); Khazimov, M. Zh (55212169200); Niyazbayev, A. K. (57200523716); Tursynzhanova, Aliya A. (57536433600); Borsikbayeva, Aliya (57222552144); Urmashev, Baydaulet A. (59167326900); Gorburov, V. D. (59347901100); KHAZIMOV, Kanat M. (56469755000)","58695763500; 55212169200; 57200523716; 57536433600; 57222552144; 59167326900; 59347901100; 56469755000","Efficient Combustion of the Fixed Coal Layer in an Advanced Combustion Chamber Design for Low-Power Boilers","2024","Transactions of Tianjin University","30","6","","471","487","5","10.1007/s12209-024-00415-z","https://www.scopus.com/inward/record.uri?eid=2-s2.0-85205226276&doi=10.1007%2Fs12209-024-00415-z&partnerID=40&md5=fee9cbb2e27e7581a2bedf5ce53df156","Institute of Combustion Problems, Almaty, Kazakhstan; Almaty University of Power Engineering and Telecommunications, Almaty, Almaty Province, Kazakhstan; Kazakh National Agrarian Research University, Almaty, Kazakhstan; Kazakh-British Technical University, Almaty, Kazakhstan; Al Farabi Kazakh National University, Almaty, Kazakhstan; National Research University “Moscow Power Engineering Institute”, Moscow, Moscow Oblast, Russian Federation; SDU University, Kaskelen, Almaty, Kazakhstan","Kudasheva, A. B., Institute of Combustion Problems, Almaty, Kazakhstan, Almaty University of Power Engineering and Telecommunications, Almaty, Almaty Province, Kazakhstan; Khazimov, M. Zh, Institute of Combustion Problems, Almaty, Kazakhstan, Almaty University of Power Engineering and Telecommunications, Almaty, Almaty Province, Kazakhstan, Kazakh National Agrarian Research University, Almaty, Kazakhstan; Niyazbayev, A. K., Institute of Combustion Problems, Almaty, Kazakhstan, Kazakh National Agrarian Research University, Almaty, Kazakhstan; Tursynzhanova, Aliya A., Kazakh-British Technical University, Almaty, Kazakhstan; Borsikbayeva, Aliya, Kazakh-British Technical University, Almaty, Kazakhstan; Urmashev, Baydaulet A., Institute of Combustion Problems, Almaty, Kazakhstan, Al Farabi Kazakh National University, Almaty, Kazakhstan; Gorburov, V. D., National Research University “Moscow Power Engineering Institute”, Moscow, Moscow Oblast, Russian Federation; KHAZIMOV, Kanat M., Almaty University of Power Engineering and Telecommunications, Almaty, Almaty Province, Kazakhstan, SDU University, Kaskelen, Almaty, Kazakhstan","In the long term, coal will remain a competitive resource in the thermal power sector, primarily due to its abundant global reserves and low costs. Despite numerous factors, including significant environmental concerns, the global share of coal power generation has remained at 40% over the past four decades. Efficient and clean coal combustion is a high priority wherever coal is used as a fuel. An improved low-power boiler design has been proposed to enhance efficiency during fixed-bed coal combustion. This design reduces harmful emissions into the atmosphere by optimizing parameters and operating modes. In this study, mathematical modeling of gas velocity and temperature distribution during fixed-bed coal combustion was conducted for a conventional grate system and an improved grate-free system. Experimental methods were employed to develop descriptive airflow models in the fixed coal layer, considering nozzle diameter and air supply pressure in the furnace chamber without a grate system. Comparative evaluations of fixed-bed coal combustion rates were performed using an experimental laboratory setup with both grate and grate-free stove systems. © The Author(s) 2024.","Air supply to coal layer; Fixed-bed coal; Grate system; Mechanical loss","Boilers; Coal; Combustion chambers; Nozzle design; Stoves; Air supply; Air supply to coal layer; Chamber design; Efficient combustions; Fixed bed; Fixed-bed coal; Grate system; Low Power; Mechanical loss; Power boilers; Coal combustion","Ministry of Education and Science of the Republic of Kazakhstan, (AP19679995); Ministry of Education and Science of the Republic of Kazakhstan","The Committee of Science of the Ministry of Science and Higher Education of the Republic of Kazakhstan (No. AP19679995) have funded this research.","","","","","","Article","Final","All Open Access; Hybrid Gold Open Access","Scopus","2-s2.0-85205226276"
"Sadyk, U.; Baimukashev, R.; Bozshina, A.; Turan, C.","Sadyk, Ualikhan (57460291500); Baimukashev, Rashid (58414975800); Bozshina, Akgul (58666585800); Turan, Cemil (56246423000)","57460291500; 58414975800; 58666585800; 56246423000","KZ-BD: Dataset of Kazakhstan banknotes with annotations","2024","Data in Brief","53","","110076","","","3","10.1016/j.dib.2024.110076","https://www.scopus.com/inward/record.uri?eid=2-s2.0-85183962125&doi=10.1016%2Fj.dib.2024.110076&partnerID=40&md5=01af662005610ba1a602ea02a118fd98","SDU University, Kaskelen, Almaty, Kazakhstan","Sadyk, Ualikhan, SDU University, Kaskelen, Almaty, Kazakhstan; Baimukashev, Rashid, SDU University, Kaskelen, Almaty, Kazakhstan; Bozshina, Akgul, SDU University, Kaskelen, Almaty, Kazakhstan; Turan, Cemil, SDU University, Kaskelen, Almaty, Kazakhstan","The field of deep learning is rapidly advancing and impacting various industries, including banking. However, there are still challenges when it comes to accurately identifying the denomination of currencies, especially when dealing with issues like variation within the same class of currency and inconsistent lighting conditions. One notable problem is the lack of available data for Kazakhstan's currency. This research paper introduces the Kazakhstan Banknotes Dataset (KZ-BD), which is a unique collection of 4200 carefully annotated images covering 14 different categories. The dataset includes high-resolution images of authentic Kazakhstan Tenge in both coin and paper note forms, ranging from 1 to 20,000 tenge denominations. Each image has undergone strict de-identification and validation procedures, and the dataset is openly accessible to artificial intelligence researchers. This contribution addresses the data gap in deep learning research related to currency identification by offering a comprehensive dataset for Kazakhstan's currency, enabling better evaluation and fine-tuning of machine learning models with real-world data. © 2024","Banknote recognition; Central Asian currency; Currency detection; Machine learning","Economics; Image processing; Learning systems; Banknote recognition; Central asian currency; Currency detection; Data gap; De-identification; High-resolution images; Kazakhstan; Lighting conditions; Machine-learning; Research papers; Deep learning","","The authors would like to thank the editor and the reviewers for their recommendations and remarks. The authors declare that they have no known competing financial interests or personal relationships that could have appeared to influence the work reported in this paper.","","","","","","Data paper","Final","All Open Access; Gold Open Access; Green Accepted Open Access; Green Open Access","Scopus","2-s2.0-85183962125"
"Zhussipbek, G.; Nagayeva, Z.","Zhussipbek, Galym (57195469148); Nagayeva, Zhanar (57211118533)","57195469148; 57211118533","Women’s Rights in Kazakhstan and Kyrgyzstan: In the Grip of Conservative Re-traditionalisation and Neoliberal Capitalism","2023","Sustainable Development Goals Series","2023","","","115","134","5","10.1007/978-3-031-38066-2_6","https://www.scopus.com/inward/record.uri?eid=2-s2.0-85185284936&doi=10.1007%2F978-3-031-38066-2_6&partnerID=40&md5=189c54e5f1f5e303e87f4c7bcdc57019","Department of Social Sciences, SDU University, Kaskelen, Almaty, Kazakhstan; SDU University, Kaskelen, Almaty, Kazakhstan","Zhussipbek, Galym, Department of Social Sciences, SDU University, Kaskelen, Almaty, Kazakhstan; Nagayeva, Zhanar, SDU University, Kaskelen, Almaty, Kazakhstan","Two phenomena have characterised the period of indepen-dence in Kazakhstan and Kyrgyzstan: conservative re-traditionalisation, which is understood as a ‘return to the roots’; and a painful period of neoliberal reforms and the emergence of local adaptations of neoliberal capitalism. The aim of this chapter is to show the negative impact of these two phenomena on women’s rights, arguing that conservative re-traditionalisation and neoliberal capitalism appear to be mutually supportive, particularly in their creation of an environment for the oppression of women. The negative outcomes of radical neoliberal reforms have not only dramatically increased women’s vulnerability but also laid the grounds for legitimizing conservative re-traditionalisation. Many factors, such as the thinning of social policies, the emergence of consumerist culture and ‘sexualized strategies’, have placed women at the centre of discussions about national identity, culture and values. It is argued that re-traditionalisation can also be seen as a reaction and backlash against the traumatic experiences of the transition period of neoliberalisation. This chapter examines the features of neoliberal capitalism in Kazakhstan and Kyrgyzstan that pose challenges to women’s well-being and rights. It posits that an interaction between re-traditionalisation and neoliber-alism hinders the development of women’s rights, such as through the reappearance of polygamy. Overall, radical neoliberal reforms and the emergence of local models of neoliberal capitalism have prevented Kazakhstan and Kyrgyzstan from creating a system based on social democracy. The consequences are the intersectional oppression of women and slow development of women’s rights. © The Author(s), under exclusive license to Springer Nature Switzerland AG 2023.","","","","","","","","","","Book chapter","Final","","Scopus","2-s2.0-85185284936"
"Yilmaz, H.S.","Yilmaz, Satilmis (56517015300)","56517015300","A Study of Determination of Benchmarks during the New Formation of Integrated STEM Leader Preparation Program","2022","European Journal of STEM Education","7","1","10","","","8","10.20897/ejsteme/12634","https://www.scopus.com/inward/record.uri?eid=2-s2.0-85142438876&doi=10.20897%2Fejsteme%2F12634&partnerID=40&md5=9610dc7b0ae9d60b1e90f2b51f4009f7","SDU University, Kaskelen, Almaty, Kazakhstan","Yilmaz, Satilmis, SDU University, Kaskelen, Almaty, Kazakhstan","Background: Integrated STEM (Science, Technology, Engineering, and Mathematics) education is crucial for teacher preparation programs that provide effective teaching in an interdisciplinary approach to teacher training. There is a need for a novel program to train pre-and in-service STEM teachers as STEM leaders who’s moving a passive STEM teacher into an active STEM leader in their schools. The professional development of new STEM leaders in schools is critical so that the benchmarks of a new school program called STEM-LPP can be met. This program is intended to help develop existing STEM teachers to become more experienced and innovative in their usage of interdisciplinary ideas and team-working. An iSTEM approach (Rosicka, 2016) is more than just the skills, competencies, and knowledge of the four (STEM) domains. Methods: A content analysis method was conducted by benchmarking the top five university master programs and academic committee meetings. The survey method was applied to design a new STEM preparation program for pre-and in-service teachers. This paper reports the benchmark collection and evaluation as a form of meta-analysis by academic meeting processes and views from existing STEM teachers from various schools how do the top five university master programs factor into your considerations? Data was collected by benchmarking and investigating STEM frameworks, models, and principles called benchmarks. Data were discussed and evaluated with academic meeting members, including two experts, two specialists in the department of curriculum development, three STEM teachers, three stakeholders, three staff professors, and two STEM master students from Suleyman Demirel University located in Almaty, Kazakhstan. Besides, 14 STEM teachers participated in evaluating in various schools. Findings: benchmarks and obtained courses were correlated to determine the relations. Results: The six benchmarks: educational leadership, engineering/project design and integration, technology integration, multiple discipline integration, research-oriented instruction, and practice/experience-based teaching, were determined. Under these benchmarks, courses, competencies, and learning outcomes were also generated. The developing process of STEM-LPP was also confirmed by analyzing the findings from top university master programs with academic meeting studies and STEM teachers’ evaluations. The correlations among the benchmarks and between benchmarks and courses were shown to have a strong correlation and their sufficiency for the criteria of LPP was displayed in the data. Implications: This type of teacher preparation program has two crucial purposes: at first, providing a way of determining benchmarks during the formation of the teacher preparation program for STEM education program designers and developers. Secondly, it was informative on integrating STEM disciplines with STEM student projects and activity work to develop teachers’ knowledge and skills. This study contributed to the construction of teacher preparation programs in universities and assisted STEM teachers in developing their teaching skills in the educational sphere. In future, such studies should be re-analyzed and evaluated by a large sample size of STEM teachers, partners, and other contributors. © 2022 by Author/s and Licensed by Lectito BV, Netherlands.","integrated STEM; STEM education; STEM leader; teacher preparation program","","","","","","","","","Article","Final","All Open Access; Gold Open Access","Scopus","2-s2.0-85142438876"
"Kadyrov, S.; Orynbassar, A.; Saydaliev, H.B.","Kadyrov, Shirali (36844229300); Orynbassar, Alibek (57220763198); Saydaliev, Hayot Berk (57221252482)","36844229300; 57220763198; 57221252482","Purely Data-driven Exploration of COVID-19 Pandemic After Three Months of the Outbreak","2021","Journal of Mathematical and Fundamental Sciences","53","3","","358","368","0","10.5614/j.math.fund.sci.2021.53.3.2","https://www.scopus.com/inward/record.uri?eid=2-s2.0-85123283208&doi=10.5614%2Fj.math.fund.sci.2021.53.3.2&partnerID=40&md5=3ce0af3b041e465a59c37cb56fd7bc8c","Faculty of Engineering and Natural Sciences, SDU University, Kaskelen, Almaty, Kazakhstan; Faculty of Education and Humanities, SDU University, Kaskelen, Almaty, Kazakhstan; School of Business, SDU University, Kaskelen, Almaty, Kazakhstan; Department of Mathematical Methods in Economics, Tashkent State University of Economics, Tashkent, Uzbekistan","Kadyrov, Shirali, Faculty of Engineering and Natural Sciences, SDU University, Kaskelen, Almaty, Kazakhstan; Orynbassar, Alibek, Faculty of Education and Humanities, SDU University, Kaskelen, Almaty, Kazakhstan; Saydaliev, Hayot Berk, School of Business, SDU University, Kaskelen, Almaty, Kazakhstan, Department of Mathematical Methods in Economics, Tashkent State University of Economics, Tashkent, Uzbekistan","Many research studies have been carried out to understand the epidemiological characteristics of the COVID-19 pandemic in its early phase. The current study is yet another contribution to better understand the disease properties by parameter estimation based on mathematical SIR epidemic modeling. The authors used Johns Hopkins University’s dataset to estimate the basic reproduction number of COVID-19 for five representative countries (Japan, Germany, Italy, France, and the Netherlands) that were selected using cluster analysis. As byproducts, the authors estimated the transmission, recovery, and death rates for each selected country and carried out statistical tests to see if there were any significant differences. © 2021.","Basic reproduction; Clustering; COVID-19; Doubling period; Dynamical systems; Parameter estimation; SIR model","","","","","","","","","Article","Final","All Open Access; Gold Open Access; Green Accepted Open Access; Green Open Access","Scopus","2-s2.0-85123283208"
"Narynov, S.; Mukhtarkhanuly, D.; Omarov, B.","Narynov, Sergazy (56582431600); Mukhtarkhanuly, Daniyar (57214796209); Omarov, Batyrkhan Sultanovich (57202103462)","56582431600; 57214796209; 57202103462","Dataset of depressive posts in Russian language collected from social media","2020","Data in Brief","29","","105195","","","32","10.1016/j.dib.2020.105195","https://www.scopus.com/inward/record.uri?eid=2-s2.0-85079133962&doi=10.1016%2Fj.dib.2020.105195&partnerID=40&md5=c0bd88252f800fbc54cffeb9537da044","Alem Research, Almaty, Kazakhstan; SDU University, Kaskelen, Almaty, Kazakhstan; International Information Technology University, Almaty, Kazakhstan; Al Farabi Kazakh National University, Almaty, Kazakhstan; Khoja Akhmet Yassawi International Kazakh-Turkish University, Turkistan, Turkistan, Kazakhstan","Narynov, Sergazy, Alem Research, Almaty, Kazakhstan, SDU University, Kaskelen, Almaty, Kazakhstan; Mukhtarkhanuly, Daniyar, Alem Research, Almaty, Kazakhstan, SDU University, Kaskelen, Almaty, Kazakhstan; Omarov, Batyrkhan Sultanovich, International Information Technology University, Almaty, Kazakhstan, Al Farabi Kazakh National University, Almaty, Kazakhstan, Khoja Akhmet Yassawi International Kazakh-Turkish University, Turkistan, Turkistan, Kazakhstan","This paper presents dataset collected from social networks that are mostly used by youth of Commonwealth of Independent States (CIS) countries. The data was collected from public accounts of VKontakte social network by using VK.api and applying the most used keywords that would signify depressive mood. The collected data was classified by psychologists into two types: depressive and non-depressive. The dataset consists of 32 018 depressive posts and 32 021 non-depressive posts. Since the most common language that is spoken in CIS countries is Russian, the posts are written in Russian, consequently the collected data is in Russian language as well. The data can mostly be useful for researchers who explore tendencies to depression in CIS countries. The dataset is important for the research community, as it was not only collected from open sources, but also marked by our psychiatrists from the republican scientific and practical center of mental health. Since the dataset has very high validity, it can be used for further research in the field of mental health. © 2020 The Author(s)","Dataset; Depression; Machine learning; NLP; Social network; Suicide","","Ministry of Education and Science of the Republic of Kazakhstan, (BR05236699); Süleyman Demirel Üniversitesi, SDÜ","Funding text 1: This research was supported by grant of the program of Ministry of Education of the Republic of Kazakhstan BR05236699 “Development of a digital adaptive educational environment using Big Data analytics”. We thank our colleagues from Suleyman Demirel University (Kazakhstan) who provided insight and expertise that greatly assisted the research. We express our hopes that they will agree with the conclusions and findings of this paper.; Funding text 2: This research was supported by grant of the program of Ministry of Education of the Republic of Kazakhstan BR05236699 “Development of a digital adaptive educational environment using Big Data analytics”. We thank our colleagues from Suleyman Demirel University (Kazakhstan) who provided insight and expertise that greatly assisted the research. We express our hopes that they will agree with the conclusions and findings of this paper.","","","","","","Data paper","Final","All Open Access; Gold Open Access; Green Accepted Open Access; Green Open Access","Scopus","2-s2.0-85079133962"
"Saparkhojayev, N.","Saparkhojayev, Nurbek P. (26531825600)","26531825600","Effective teaching of ""parallel computing"" course by using microlearning technique","2013","World Applied Sciences Journal","28","6","","842","846","2","10.5829/idosi.wasj.2013.28.06.13810","https://www.scopus.com/inward/record.uri?eid=2-s2.0-84893010287&doi=10.5829%2Fidosi.wasj.2013.28.06.13810&partnerID=40&md5=9ae108035b1646c6d6c65543a16b6754","SDU University, Kaskelen, Almaty, Kazakhstan","Saparkhojayev, Nurbek P., SDU University, Kaskelen, Almaty, Kazakhstan","In current time, there are many types of problems in the High Education System. Among of these problems, the most important one is an exceeding number of information that teachers and professors provide students. And, after this, it takes unbelievable amount of time to read this information, understand it and get prepared to exams. Beside these constraints, the deadline for submitting any assignment or homework is also important. So, most students cannot finish all assigned home works or programming tasks at a time. This paper describes a research that was done in ""Parallel Computing"" course by use of microlearning approach. The research paper consists of introduction, purpose of work and conclusion. All research was done in Suleyman Demirel University, at Faculty of Engineering and Natural Sciences. © IDOSI Publications, 2013.","Education; Microlearning; MPI; OpenMP; Parallel computing","","","","","","","","","Article","Final","","Scopus","2-s2.0-84893010287"
"Yessenbayev, Z.; Saparkhojayev, N.; Tibeyev, T.","Yessenbayev, Zhandos (55270237800); Saparkhojayev, Nurbek P. (26531825600); Tibeyev, Timur (56015785600)","55270237800; 26531825600; 56015785600","Implementation of the intelligent voice system for Kazakh","2013","World Applied Sciences Journal","28","6","","814","816","1","10.5829/idosi.wasj.2013.28.06.13814","https://www.scopus.com/inward/record.uri?eid=2-s2.0-84892982946&doi=10.5829%2Fidosi.wasj.2013.28.06.13814&partnerID=40&md5=5310868263b68ddb992feb36e74a6f16","Nazarbayev University, Astana, Kazakhstan; L.N. Gumilyov Eurasian National University, Astana, Kazakhstan; SDU University, Kaskelen, Almaty, Kazakhstan","Yessenbayev, Zhandos, Nazarbayev University, Astana, Kazakhstan; Saparkhojayev, Nurbek P., L.N. Gumilyov Eurasian National University, Astana, Kazakhstan; Tibeyev, Timur, SDU University, Kaskelen, Almaty, Kazakhstan","Modern speech technologies are highly advanced and widely used in day-to-day applications. However, this is mostly concerned with the languages of well-developed countries such as English, German, Japan, Russian, etc. As for Kazakh, the situation is less prominent and research in this field is only starting to evolve. In this research and application-oriented project, we introduce an intelligent voice system for the fast deployment of call-centers and information desks supporting Kazakh speech. The demand on such a system is obvious if the country's large size and small population is considered. The landline and cell phones become the only means of communication for the distant villages and suburbs. The system features Kazakh speech recognition and synthesis modules as well as a web-GUI for efficient dialog management. For speech recognition we use CMU Sphinx engine and for speech synthesis - MaryTTS. The web-GUI is implemented in Java enabling operators to quickly create and manage the dialogs in user-friendly graphical environment. The call routines are handled by Asterisk PBX and JBoss Application server. The system supports such technologies and protocols as VoIP, VoiceXML, FastAGI, Java SpeechAPI and J2EE. For the speech recognition experiments we compiled and used the first Kazakh speech corpus with the utterances from 169 native speakers. The performance of the speech recognizer is 4.1% WER on isolated word recognition and 6.9% WER on clean continuous speech recognition tasks. The speech synthesis experiments include the training of male and female voices. © IDOSI Publications, 2013.","Dialog systems; Intelligent systems; Kazakh language; Speech recognition; Speech synthesis","","","","","","","","","Article","Final","","Scopus","2-s2.0-84892982946"
